sku,slot,name,supplier,supplier_code,skin_types,concerns,sensitive_ok,tier,supply_price,sale_price,affiliate_url
CL-01,cleanser,(예시) 약산성 젤 클렌저 150ml,공급사A,A-1001,all,trouble|pore,Y,low,6500,12900,
CL-02,cleanser,(예시) 크림 타입 저자극 클렌저 120ml,공급사A,A-1002,dry|normal,dryness,Y,mid,8000,15900,
CL-03,cleanser,(예시) 딥클렌징 폼 150ml,공급사A,A-1003,oily|combination,pore,N,low,5500,11900,
TN-01,toner,(예시) 무향 수분 토너 200ml,공급사A,A-2001,all,dryness|dullness,Y,mid,7500,16900,
TN-02,toner,(예시) 저자극 각질 케어 토너 200ml,공급사A,A-2002,oily|combination,pore|dullness,N,mid,8500,18900,
SR-01,serum,(예시) 판테놀 진정 세럼 50ml,공급사A,A-3001,all,trouble|dryness,Y,mid,9000,19900,
SR-02,serum,(예시) 나이아신아마이드 세럼 30ml,공급사A,A-3002,oily|combination|normal,pore|dullness,N,mid,9500,21900,
SR-03,serum,(예시) 펩타이드 탄력 세럼 30ml,공급사A,A-3003,dry|normal|combination,firmness,Y,high,14000,32900,
MO-01,moisturizer,(예시) 세라마이드 장벽 크림 50ml,공급사A,A-4001,dry|normal,dryness|firmness,Y,mid,9500,22900,
MO-02,moisturizer,(예시) 산뜻 수분 젤크림 50ml,공급사A,A-4002,oily|combination,trouble|pore,Y,low,7500,16900,
MO-03,moisturizer,(예시) 리치 영양 크림 50ml,공급사A,A-4003,dry,firmness|dryness,N,high,15000,34900,
SC-01,sunscreen,(예시) 무기자차 선크림 SPF50+ 50ml,공급사A,A-5001,all,trouble,Y,mid,8500,18900,
SC-02,sunscreen,(예시) 산뜻 유기자차 선에센스 SPF50+ 50ml,공급사A,A-5002,oily|combination|normal,pore|dullness,N,low,7000,15900,
